id,price1
2242,428.26
20532,284.73
10648,490.35
20677,811.71
12593,416.9
11159,507.45
10680,404.67
6433,2591.9
2794,253.75
11579,661.8
13859,251.0
12260,474.0
18254,384.71
19453,475.0
8121,935.53
9791,488.35
7402,1700.09
3205,295.87
14489,474.04
10607,545.1
3659,652.81
7625,357.62
12862,1942.15
13985,448.1
10206,497.17
6889,1546.95
17791,405.07
8920,2273.87
15762,459.87
9762,340.96
15247,1132.07
14490,216.95
3545,339.42
4122,473.82
9075,385.58
17580,548.58
15546,445.24
16679,279.72
7800,428.92
10314,256.32
20247,663.85
10068,1324.61
971,480.82
3832,411.31
6052,2512.89
12718,3790.79
11469,498.0
10655,477.0
5933,484.12
7000,576.46
18084,674.12
20918,3445.96
16193,994.0
6116,2504.26
7581,365.32
2214,400.5
19489,568.41
2592,953.01
14541,932.44
5584,543.48
20002,491.94
341,2743.99
10363,485.7
12292,202.02
19769,500.68
4521,161.85
8402,265.98
8485,597.8
7561,466.39
9885,206.0
2582,415.95
8209,343.82
13611,548.3
13591,360.19
9676,554.08
13851,590.75
16691,463.19
17785,681.75
18685,377.08
3369,730.69
16066,605.2
3003,544.23
18981,204.01
13554,546.6
11588,453.09
16379,2083.04
12575,483.65
9249,251.0
15449,298.04
20597,403.95
12342,1186.85
9065,457.84
17968,427.65
17803,687.47
13495,463.15
11078,1946.65
19475,603.08
19860,386.7
805,564.72
1,724.46
13151,475.43
4133,754.13
446,574.85
18830,1029.89
7909,355.15
13969,1262.13
6901,2224.1
3961,3534.61
10150,1485.1
4490,397.66
5897,270.08
20844,455.91
19011,743.9
18577,456.91
3555,903.17
15716,456.02
20324,480.32
18654,2754.43
8184,290.5
4349,327.87
13737,388.1
10749,749.0
19921,450.55
15467,474.51
10725,552.5
18354,449.7
153,551.44
8961,904.54
501,514.66
18332,208.62
4068,651.09
13206,449.0
15926,399.0
20705,349.48
15433,299.0
16477,432.27
15608,467.55
4957,183.79
9095,417.55
12618,470.39
17259,271.31
6906,382.29
20713,234.42
15305,831.79
5370,432.08
20079,751.95
5574,423.71
8049,313.12
3493,3488.96
7390,597.0
12996,392.92
150,398.25
7941,456.88
16993,257.92
18502,481.65
1046,280.94
17121,366.59
15629,586.0
18932,790.0
8131,464.35
6926,390.23
11131,460.86
10941,321.15
12030,397.75
17959,677.22
14464,395.17
18288,331.11
17404,1049.0
930,2731.95
10001,616.84
7044,2673.73
17375,335.74
13231,279.0
3147,1292.17
4856,474.78
14757,679.33
14918,475.21
10947,182.46
17853,383.58
6359,1001.48
14331,627.41
6111,434.81
20276,2138.81
10660,1759.71
4222,303.0
20592,609.05
1023,2445.5
14844,498.0
11145,755.44
12578,713.09
8668,264.77
18474,428.8
9807,383.0
15911,1319.41
3721,1009.85
19353,968.2
17362,323.33
11120,983.45
18867,437.1
17178,339.48
6879,551.31
4802,519.4
15451,288.06
15857,498.43
3179,821.17
7258,350.2
6247,489.25
14378,410.95
9308,1105.36
8879,492.65
9484,471.68
7676,899.0
14419,598.83
19097,202.52
168,1668.69
4427,282.77
12771,460.41
17299,408.31
5118,300.76
12040,499.0
13747,585.92
18751,397.12
5227,499.88
12100,578.8
17604,429.68
1218,458.09
18775,253.56
10853,250.51
3168,238.03
14636,216.95
7927,219.0
17035,431.07
8762,259.56
2152,291.01
17152,281.04
9824,312.82
8142,3248.88
15932,599.0
1141,349.0
17330,4009.1
19889,464.33
4915,566.1
693,521.92
14449,627.32
1975,469.09
4055,468.78
13336,756.0
15678,512.28
8491,516.13
15115,354.89
14146,521.0
19296,467.46
13281,352.7
20363,397.98
13879,186.33
7859,221.17
18819,433.39
3538,616.31
13185,340.05
10595,456.38
857,552.65
7654,316.35
12429,528.89
18200,491.14
9710,460.41
12240,864.08
2939,323.08
120,291.92
11548,1298.62
5261,1043.35
5598,506.08
7679,479.82
1820,506.39
3259,556.36
623,369.0
10503,475.93
9267,507.07
16624,1529.81
20850,747.5
9821,405.99
4693,398.55
14824,603.49
14096,672.07
6149,298.04
6373,582.45
12989,688.42
5547,457.46
5420,1680.78
2058,1049.0
20958,489.43
13945,921.07
6245,392.48
15624,392.58
13317,378.93
1802,396.3
18216,350.57
17276,393.64
10247,673.38
9532,1594.02
1568,449.55
13427,499.0
12689,277.79
9955,996.21
8860,434.37
9425,383.89
19772,868.19
5233,1353.86
12556,606.68
11977,295.1
17523,914.45
4760,1373.87
17714,231.21
12022,400.07
9905,2412.04
205,450.68
11438,219.36
13352,776.38
17203,429.0
650,481.72
11186,3787.33
6485,491.21
17370,2445.17
19084,387.24
6484,740.08
5341,337.51
8138,440.42
8708,420.8
6397,445.0
12836,399.0
12251,365.42
17860,170.85
2181,532.44
19757,979.25
143,299.11
13111,468.09
7723,777.52
13060,372.2
7508,499.0
12366,289.0
10779,422.0
11653,345.27
13751,315.33
15564,495.75
11454,303.42
10572,585.53
5140,489.03
1523,192.77
20160,931.97
9103,408.63
14595,2436.0
9727,658.3
7265,340.01
15253,497.29
15590,1074.09
9682,326.2
15271,474.85
18032,456.41
14029,455.0
8552,651.07
15074,472.35
11288,407.27
20607,1720.53
1184,419.23
1651,368.5
7177,341.73
1834,180.46
17391,2051.81
9564,449.55
17589,468.63
2022,673.62
1552,549.0
7158,790.0
7311,236.0
20026,256.62
16405,1989.38
17235,495.03
15558,597.0
8468,546.23
7424,460.24
7307,2771.35
18602,1082.15
7421,260.88
2801,317.27
6154,208.9
3296,349.96
8568,914.01
9285,348.94
16978,444.2
17817,1672.47
7127,908.85
6890,249.0
3057,516.88
10994,749.0
10840,749.0
14037,1022.01
9685,462.38
14404,356.23
9165,208.83
6006,199.0
5819,311.78
8709,473.23
18154,474.66
808,431.22
9059,678.33
15285,829.68
2081,2447.71
17823,524.0
15500,1029.68
1068,502.31
9008,687.1
4204,224.96
6919,2122.88
12720,573.11
15904,548.47
5606,345.6
8893,548.08
12084,247.12
7485,414.98
11935,847.14
17576,330.95
10746,592.11
426,474.75
364,2246.91
12415,228.67
5546,460.89
12801,622.83
4203,1698.06
12857,289.39
3163,199.9
20485,1984.27
10786,277.47
20165,702.92
8038,301.92
7474,300.86
16133,1929.79
12048,549.0
911,317.7
14767,416.6
19044,452.36
12538,498.28
11676,578.76
154,374.27
4829,1866.05
2485,575.49
15721,288.38
16235,1354.52
8337,888.19
15320,524.0
6963,244.13
5470,501.01
1262,441.91
4487,600.69
4409,424.9
4027,1332.01
2,292.58
17707,629.6
10810,446.31
381,606.69
3743,541.5
6388,490.06
13531,499.0
9761,749.0
11540,371.27
10024,317.66
19053,428.9
20654,491.67
17347,232.93
7237,328.27
18971,398.46
17000,395.0
19585,464.64
14974,692.5
13045,343.49
11866,2079.25
16764,214.52
8099,415.73
10714,1021.25
7537,292.43
1828,547.5
8170,412.52
7499,358.8
18825,549.86
13661,204.89
9501,448.64
1706,597.5
2739,399.0
17997,440.7
487,365.45
7782,359.34
2373,1009.25
17478,459.97
615,640.02
3741,439.51
14957,587.93
430,477.53
2007,325.73
17652,477.62
18160,541.26
8735,374.4
18121,1023.32
4125,3059.52
6897,290.29
16646,404.29
13731,593.74
4524,511.24
14108,1340.3
17782,452.1
7382,647.93
11839,499.0
15281,243.0
14840,1047.0
17682,370.14
9898,606.15
18766,590.8
13555,651.44
3798,223.0
9207,444.13
10862,442.51
10624,366.42
10905,299.03
19255,563.55
18233,398.0
4872,548.2
9626,399.0
13113,487.21
18793,242.6
15019,391.98
7970,292.18
6346,1165.95
3287,596.8
9179,481.4
5523,819.58
3676,542.17
5772,380.05
18087,543.02
8476,483.7
3375,364.74
14759,498.5
13247,525.17
20691,312.49
17700,455.87
4998,447.26
8528,366.95
2700,394.46
14012,449.37
7375,400.72
12102,621.94
7804,588.19
13608,660.26
11052,456.89
13933,474.0
9043,372.97
14417,298.1
13488,783.19
13607,849.15
950,1528.2
20644,1068.12
6002,2331.56
18246,1151.81
10561,269.0
7439,199.0
20636,368.25
11782,590.0
8554,1639.1
6651,395.44
11948,463.4
17885,318.29
20649,2281.74
20433,260.85
14405,498.85
1959,570.57
17026,2465.65
10442,297.4
12912,449.0
18348,455.0
17934,2742.31
8428,449.0
6200,699.0
10687,495.02
16547,1415.9
5778,242.73
18683,2673.6
19052,1315.29
18688,568.8
18266,643.34
4292,1034.86
719,716.84
18846,2714.31
12644,563.93
17614,503.11
20756,622.54
1408,295.05
19075,284.0
11681,557.15
10488,434.64
17223,608.72
10992,299.0
19379,1727.53
10896,236.92
18871,198.0
2815,383.49
18307,292.3
19536,347.59
12667,3940.61
16623,599.37
1628,499.73
17431,625.93
7934,528.58
12817,291.22
5156,288.75
6588,453.4
14847,665.7
1775,452.21
19167,668.74
2929,381.25
9609,304.29
16711,1687.57
20594,550.51
8202,1795.76
4507,437.81
1944,491.01
18003,620.99
14287,3380.71
2224,395.0
6178,408.44
6267,978.56
10508,299.0
8089,507.37
3450,539.25
14507,448.78
18783,319.43
15726,976.2
20260,463.24
10638,492.72
10414,390.0
19375,459.06
1902,852.98
13834,634.11
11807,2613.4
741,532.25
10497,451.89
12241,1999.93
4714,487.72
8258,1877.47
13588,1182.26
17446,405.21
732,759.89
3326,2438.71
12012,228.29
5688,561.2
13342,399.95
6583,567.3
4774,997.11
6026,293.48
7111,647.73
15353,375.65
18425,726.3
2368,302.86
10979,327.66
7717,349.39
1576,277.41
7154,535.37
15871,581.53
18659,322.44
3162,442.75
5694,502.5
11042,381.79
7370,258.44
5218,531.94
7190,790.0
9020,1858.0
19313,483.09
5550,496.14
4359,569.3
17103,589.58
4795,1932.69
8197,316.87
2953,352.92
10716,2040.56
3746,515.38
14973,487.62
20578,820.36
1564,1423.17
5424,1035.0
12116,438.32
20085,381.26
3762,273.25
2406,231.42
19657,358.2
7855,299.37
16586,641.71
9799,422.36
11444,313.43
11800,529.68
3107,1136.45
20285,1088.61
9080,675.9
6635,630.09
17395,343.71
12184,756.56
17100,392.68
16148,1230.13
7903,498.75
12608,798.0
666,501.79
18100,449.0
14717,413.12
13324,396.66
14189,284.28
3461,1990.91
19775,1992.46
4075,381.33
19111,496.48
7551,258.19
20848,367.0
9140,695.17
6740,517.59
15578,457.58
14791,564.0
16497,561.13
13686,738.15
20762,552.25
2364,209.82
12545,349.87
10225,666.47
13221,245.55
14812,279.0
16530,300.53
315,483.23
6953,643.37
4723,577.97
17802,835.75
11484,4733.14
1874,298.09
4649,351.81
18207,483.8
4386,257.82
6434,441.92
3069,404.47
15930,596.4
14733,395.75
3883,416.76
9445,446.54
2352,499.0
9247,367.16
15399,262.96
18039,594.4
15398,699.0
15033,304.12
4934,496.74
3224,497.96
18343,2608.75
10785,587.03
12486,2599.0
17587,403.17
11340,399.0
9742,324.6
5505,393.84
20423,198.55
15009,384.9
8734,370.04
2263,316.17
136,444.03
12916,726.04
3873,570.45
11464,446.8
4512,756.54
6069,278.56
18268,418.51
14624,485.71
10060,361.55
17500,419.34
1898,195.43
448,265.79
18279,319.96
11814,431.1
5878,340.44
20559,472.23
95,522.49
11020,529.46
20380,475.33
3868,1937.14
8365,695.8
17476,327.45
11208,328.2
3037,212.19
8940,405.06
2491,360.7
2404,605.56
20204,538.0
11037,1581.59
3814,2837.53
6838,2141.67
4456,283.06
4646,310.21
15179,1676.75
18208,345.35
10478,498.09
17102,2146.1
20097,649.0
18990,702.39
18569,1041.35
11445,409.39
20948,435.26
16346,599.0
12943,422.37
18835,492.06
1589,560.41
13127,422.48
11731,404.74
937,1190.81
7788,2846.05
8664,142.49
8067,385.26
1779,819.0
9520,487.1
6943,453.81
13212,475.0
8456,2343.32
14297,199.0
9677,479.57
19908,3691.68
11764,583.53
13543,456.19
15722,599.0
1989,339.0
11105,452.19
13906,389.59
20739,406.15
8778,849.6
6720,650.39
15000,363.03
2021,1685.89
14950,1778.06
16974,256.28
9174,595.95
10376,480.9
16875,261.52
20791,571.85
1495,872.93
14807,491.14
17196,541.04
3126,336.22
224,311.54
4431,440.17
17635,212.72
10562,406.66
18993,1492.31
16661,464.78
8248,466.77
13296,356.35
14649,1539.0
5229,1667.99
870,345.69
8417,495.19
18408,546.59
10985,399.0
14380,1605.73
1533,646.31
17366,3823.98
4062,780.22
11915,499.0
12151,499.0
10307,424.73
15813,463.12
2557,479.53
10761,757.45
11718,304.54
16459,193.72
15032,1001.72
5471,547.46
19998,1732.25
18633,259.72
16221,305.0
9290,497.89
10743,470.9
5266,2753.11
14926,397.2
13230,468.0
15913,194.08
9147,433.55
9818,719.93
14995,2203.92
6422,199.0
15945,3054.51
17358,288.82
6020,463.52
9120,599.65
13362,1879.3
7543,823.63
13076,4812.37
10332,464.57
1861,346.35
14118,299.0
12920,455.91
17466,274.38
13515,328.41
8717,1312.56
20453,346.19
3021,247.77
16358,447.97
601,408.45
5659,494.14
3214,529.89
14901,291.51
5559,481.66
4572,450.1
2866,235.65
16079,825.54
4661,444.6
5125,319.92
2762,395.0
6515,297.54
12736,423.79
10483,539.51
15443,395.0
13449,488.0
2577,569.0
18251,292.51
5512,1723.42
18184,490.16
17022,340.89
7408,2963.72
11195,375.91
7798,503.25
14413,750.55
18543,549.42
8973,771.51
14726,292.98
13668,504.12
15631,346.0
1417,2391.0
14360,398.01
15657,499.26
11428,1435.43
12915,508.25
10781,359.53
16938,445.03
14497,2741.2
10410,819.55
8210,202.83
16391,425.96
10635,255.0
11984,767.3
11768,799.0
10128,861.85
5248,312.08
17386,511.87
9322,1090.21
4372,255.0
1203,392.53
17749,276.88
14161,300.99
1584,507.21
5954,599.67
12217,240.77
3531,379.46
16022,1714.82
9920,521.55
7151,974.0
15096,203.0
10731,437.7
1671,236.76
7975,459.47
3374,307.79
20089,2324.91
15046,258.43
8375,2152.29
18434,771.38
12944,1522.52
18201,430.17
14654,591.61
8846,275.55
19426,477.82
3002,538.84
16898,350.83
12381,530.19
5403,411.13
10636,444.61
17657,500.86
5906,711.84
20124,431.23
5467,378.43
15521,355.03
69,517.71
20890,2992.1
10868,436.32
583,510.03
10035,580.0
11101,602.37
428,424.74
5356,180.0
3399,366.61
4782,440.22
17495,293.84
10586,422.4
10653,479.9
16097,821.83
16841,487.43
4995,707.71
642,319.76
4535,315.63
19798,248.51
13801,1000.24
17177,209.16
10682,778.86
20807,204.01
9953,264.77
6830,402.73
6626,299.65
14393,373.31
11830,2725.78
8703,357.94
1541,400.57
15169,391.76
9246,510.31
11356,471.0
17931,738.56
4071,382.17
15967,722.77
14434,2778.82
18395,672.0
12054,201.48
7978,699.0
3998,394.43
844,466.16
9917,303.3
789,1690.25
4380,390.69
17154,925.61
12305,846.93
10217,503.71
15029,516.45
18588,315.65
15108,600.49
4398,751.6
20298,302.43
8637,855.4
7803,403.75
2234,425.0
18852,730.83
4917,498.67
17300,292.87
6672,386.02
4035,512.02
906,833.36
10733,488.73
18020,952.88
9656,838.03
16982,304.44
16418,450.92
7305,480.75
14375,851.1
19926,1703.0
1192,488.68
4373,326.71
20095,500.74
17288,1234.78
19227,352.02
12811,357.77
11345,621.51
8577,435.42
13321,1642.86
9861,283.02
738,579.7
11672,1499.0
19516,614.19
12511,382.89
7145,399.0
17837,360.93
17209,1206.16
1657,243.0
3384,325.11
11526,974.0
16394,497.94
18417,321.45
20418,1068.67
5176,1083.59
555,581.79
10989,249.2
14880,476.26
1800,1329.9
17094,1994.0
5013,672.55
9176,564.84
16519,1350.35
12873,446.32
9013,2259.56
13103,244.39
6344,453.0
20034,656.07
5940,336.02
19000,2839.0
17586,483.54
8862,391.43
1050,556.97
8823,237.61
15413,364.52
3096,278.09
9433,2703.38
12871,599.0
12540,644.82
2963,662.63
11967,389.0
4236,299.06
17353,284.98
5905,185.78
13596,446.26
394,1372.66
16802,303.91
10281,649.0
8413,507.46
8791,409.95
6727,496.0
20572,1877.35
18357,749.0
509,267.93
7945,410.76
4242,287.86
13666,486.06
10176,360.0
922,604.03
20814,1301.85
20273,1090.39
17133,459.14
15485,906.43
8300,1329.0
4796,319.21
807,1524.36
14138,1499.0
14198,206.57
11049,347.85
12603,398.0
20417,410.09
9312,491.17
5492,728.23
6511,385.17
8071,2903.16
16034,1400.0
13357,248.09
7088,522.78
7694,437.78
1986,482.55
17129,392.52
8119,503.41
17122,530.92
11802,429.58
3059,490.41
13192,389.59
7120,258.12
10165,462.7
6401,249.01
4969,653.34
329,351.23
6273,1700.78
20767,269.52
3090,689.33
14579,277.75
18980,329.5
12323,241.16
18810,340.0
17398,390.86
5834,399.95
16580,613.94
13150,756.0
17130,409.0
343,444.41
15363,1874.0
31,547.44
10693,297.26
16963,419.65
15850,1402.2
10133,447.34
6309,623.0
8527,299.0
19152,472.92
17648,386.44
10526,701.43
20386,1636.39
10110,335.71
17442,329.91
20870,564.87
11243,278.35
4366,546.63
10037,2839.0
1388,319.9
5963,289.46
7414,299.69
6308,531.59
16837,719.0
19290,499.97
3582,181.0
2556,288.24
13510,882.0
5893,1535.1
13487,297.23
15973,339.27
6692,498.9
13844,305.29
15616,355.0
12198,427.06
6159,491.91
19871,496.75
2725,583.57
16158,627.38
470,1123.97
2702,434.98
15632,390.47
12542,1089.51
10437,398.11
4611,489.0
16822,356.02
19294,220.53
11324,334.83
6970,650.43
10175,261.6
14822,487.47
1833,2328.49
9640,351.2
9476,298.0
2194,291.47
5673,466.88
17385,596.39
641,1995.7
9098,387.1
13575,432.08
20579,606.74
6887,399.0
18403,407.84
17460,469.66
12092,2168.54
7170,247.12
13416,506.86
14954,163.39
316,794.57
5764,342.26
10121,380.6
14026,381.74
6659,398.0
3665,481.6
13956,389.67
20288,204.25
674,496.19
20179,304.74
13764,398.0
19311,447.73
10319,273.75
9049,489.38
2061,311.03
20293,265.1
8646,303.67
11538,601.23
2809,457.3
8722,469.79
17445,393.91
10457,686.82
921,425.63
20788,1036.58
6698,1501.57
14538,419.27
20712,225.75
12747,299.32
535,1250.67
15592,414.12
2878,481.54
15334,699.0
6360,831.25
6942,456.45
5301,617.88
5848,498.5
4721,1026.89
1610,262.4
1015,1011.59
11581,297.74
20931,278.73
13558,419.28
2329,386.41
5917,324.34
5877,760.86
19994,553.82
13527,500.74
17744,426.08
12659,483.46
13916,492.96
7539,2114.35
13249,581.08
12711,206.99
1755,659.12
11128,640.32
12205,303.86
8705,258.12
2232,435.12
18611,416.66
17789,487.36
2494,401.09
5151,270.45
14246,1403.99
12316,599.81
2347,667.06
8964,595.05
16951,269.87
6391,439.3
1359,469.02
19461,385.34
13326,960.62
12248,334.24
14094,299.0
3151,1531.97
11402,437.62
20093,414.49
18520,1363.6
14642,2171.15
4462,485.24
4143,336.14
20601,760.83
1531,368.26
16052,553.77
20359,611.95
7880,311.52
10554,270.21
19335,180.2
6225,683.76
13233,203.0
7790,425.29
13070,420.16
13865,333.05
12704,348.73
9487,499.0
13049,1935.0
7415,489.37
17230,403.81
14134,494.28
6522,432.91
7171,383.32
16012,573.93
6163,552.67
14193,546.11
8238,673.85
17513,582.53
4468,557.96
20810,337.28
14407,522.0
18848,1553.45
18010,492.64
17017,547.05
10423,529.05
17901,738.74
8046,357.91
10436,414.3
12247,417.82
5658,674.98
18698,199.8
18171,351.5
18433,402.85
12237,754.59
17101,380.64
10309,284.39
12283,538.38
14077,1408.72
4958,398.07
3207,342.38
4289,194.6
17571,948.0
4783,840.0
859,665.42
17578,3195.38
3176,413.87
2889,1199.38
231,234.52
449,1760.92
7937,199.0
6197,467.91
15612,282.89
181,455.07
18562,896.12
3243,1163.23
14858,251.0
5267,426.85
5892,263.51
16868,401.45
12888,276.65
1189,1095.82
1854,594.67
6039,472.87
3647,635.96
3729,300.71
17340,666.25
5258,522.22
5648,424.07
16339,287.1
10728,1300.78
990,647.49
5894,683.95
11311,201.27
3572,420.01
18586,484.13
1979,918.94
2796,298.64
17787,287.77
11983,387.73
14355,1619.0
1724,538.34
18601,896.36
17813,318.53
8867,485.06
617,307.89
13701,490.79
7604,678.32
18555,469.61
11804,400.55
16121,2186.33
16007,1499.0
7920,291.53
13730,426.0
19654,899.62
14797,400.71
15719,499.06
19944,312.15
4882,1405.63
15333,501.33
10199,575.46
16636,451.38
20938,415.4
15396,344.76
16217,449.0
19827,1834.7
1749,590.58
16980,199.0
15838,329.85
12449,409.16
19260,493.52
13755,488.59
14593,245.09
6870,251.0
19738,334.43
5394,568.15
3544,505.19
8795,544.96
16954,519.89
5232,361.46
14513,2028.09
5209,544.16
11779,512.85
1265,924.0
12759,299.0
4880,607.98
17124,425.51
20270,259.15
2435,2022.5
363,368.4
18298,2683.29
18924,415.16
14274,549.0
20771,503.76
1481,286.68
12917,255.0
4389,285.36
17283,503.62
5305,2435.66
5217,403.28
20779,576.33
9618,660.46
10588,445.3
2056,464.16
1090,468.01
13982,444.99
13831,305.75
17844,803.51
4791,450.77
10515,296.67
8072,434.86
12568,499.0
12566,421.27
4873,402.33
19331,797.32
6548,4146.35
6045,1824.92
8647,496.0
2639,435.39
11180,426.79
18589,1692.24
17294,258.6
15972,927.35
352,440.05
8830,288.32
8874,224.6
1437,1102.55
11810,389.7
10661,400.68
6113,444.21
15446,442.96
4263,478.04
16570,277.66
4231,467.0
6281,389.09
16250,262.12
5365,426.73
54,437.63
12749,423.54
586,362.26
6315,584.0
10280,475.71
12388,550.47
638,423.27
3482,449.97
3252,320.31
6718,256.18
12353,448.94
2116,540.71
7219,482.53
12639,239.38
18642,1711.46
10841,756.0
13081,608.9
13302,284.95
16466,399.29
9580,691.33
8437,399.0
6131,605.32
2714,1649.8
4551,399.63
8185,1863.31
5101,420.53
15070,1059.16
5092,571.23
145,395.66
7029,456.7
582,522.55
8713,423.3
12809,199.0
13886,618.75
20385,414.13
11432,498.55
14455,475.0
14651,362.9
10529,220.0
9090,148.0
4748,614.33
11749,535.52
5020,350.99
20024,546.12
18722,456.42
4241,448.3
28,847.26
6554,515.97
3806,457.33
4215,182.25
6366,599.0
13333,426.0
14925,429.31
16549,450.27
14293,149.0
13830,408.42
17328,298.55
3240,497.41
5418,356.0
2732,1623.48
18677,347.03
3853,318.2
12993,329.87
9883,475.71
7837,397.98
10209,1753.53
14523,348.7
954,413.94
7529,336.83
17651,399.0
19572,485.47
11354,946.02
9743,461.61
987,295.33
20551,2127.18
16348,339.96
11079,669.82
11025,642.69
12062,479.1
13123,836.0
14494,749.0
3830,488.18
5653,475.27
20027,521.2
10559,403.01
14838,3520.67
2297,450.92
16677,3049.86
14425,220.0
12232,407.14
9369,284.07
5993,255.0
4322,423.9
8553,1734.5
20144,334.66
17176,1023.39
16897,339.52
19312,266.31
12393,584.99
704,507.04
15569,498.45
16157,840.98
3990,431.86
12239,3142.0
20480,1047.67
16495,395.0
15855,564.39
11959,696.5
7349,331.36
4840,414.43
3412,473.55
4582,549.0
19425,695.61
6555,575.94
9739,310.02
18236,325.86
17082,462.43
768,576.77
2331,449.53
19512,1048.76
9613,676.27
17510,646.18
11738,526.48
6503,383.21
10692,3747.74
777,482.87
10600,306.86
9171,474.0
14484,774.7
4169,747.51
11319,388.26
912,768.57
6641,835.0
5737,615.77
10296,656.87
15950,347.78
16582,499.0
8135,321.8
5712,349.0
12982,429.22
5486,2754.79
11784,2273.08
12671,598.97
5159,453.45
9347,556.92
843,1922.61
12480,548.51
5368,316.55
11624,1503.39
73,703.27
12202,245.55
17417,542.15
16194,2736.15
7232,450.91
12882,377.94
10689,270.19
15160,433.39
9823,439.46
568,630.04
16630,400.01
18618,656.98
3933,497.99
9951,439.2
10003,1048.5
2515,2414.35
645,516.77
10262,402.89
10599,381.72
13808,256.99
528,294.85
6680,340.08
17991,1836.68
17568,461.68
16145,480.05
16825,340.74
18143,454.1
14966,849.0
19746,2085.21
15344,283.2
3568,475.96
11008,614.35
19528,386.7
4152,479.24
14873,339.13
9450,349.89
15982,985.25
10966,677.55
9340,469.98
19113,338.85
1019,621.71
15133,2131.1
8689,456.36
5166,416.48
9669,197.24
15994,424.24
17890,1185.47
13052,418.9
8148,197.0
679,937.71
20511,875.99
5419,478.16
19783,2149.62
8977,892.79
5242,351.47
11958,199.0
7015,315.0
9453,149.4
13381,448.42
17541,251.0
1422,2715.98
227,528.41
16880,430.65
1723,439.1
2587,399.0
19509,376.56
3217,145.63
3089,460.71
822,660.96
8458,380.4
17410,257.37
12441,292.28
7407,1472.5
6239,2417.99
17936,369.17
6407,500.07
20675,456.98
13267,310.95
16660,328.64
17257,522.9
14568,422.82
232,500.01
4252,281.53
2947,591.8
3920,499.0
12913,656.3
5291,412.13
7759,1246.45
5243,419.7
8772,1012.44
2025,427.15
10767,3090.6
9155,199.0
8186,255.0
4017,382.2
3180,3413.18
3753,888.98
16063,453.12
17192,445.82
3927,412.21
11201,377.14
1438,899.0
11419,473.58
14572,681.71
12936,2828.45
15303,490.56
18243,379.31
6400,301.22
19602,439.63
6556,1779.4
15447,630.47
19707,323.6
19276,328.37
15342,314.67
15953,400.18
18033,500.81
20025,1430.35
16699,1049.0
4039,538.93
18042,301.3
17591,738.56
13636,494.01
18167,500.93
1350,374.43
6976,333.75
13436,586.16
1731,588.15
18469,500.25
3645,1373.84
661,846.03
18358,1584.02
19220,163.18
1784,878.94
19153,2387.68
5452,3697.73
15496,458.57
7325,999.28
5633,3048.21
6896,399.0
11291,285.2
5235,639.03
5085,251.0
12037,388.83
12945,702.49
2790,543.42
13106,336.01
17111,614.1
3351,495.41
15061,470.56
3738,697.48
20877,1071.42
3422,1652.44
18765,320.62
18222,389.6
18615,380.17
11113,301.63
9257,498.75
2893,284.41
602,547.82
17193,1103.65
5656,251.0
18118,699.0
13440,395.04
6289,556.28
13530,1502.49
244,322.89
4000,334.61
19246,496.0
22,424.3
19677,460.69
2477,597.43
15089,467.8
14978,209.91
7595,399.0
6034,446.18
20243,432.7
19527,416.01
249,629.58
5319,499.5
14492,506.26
1613,581.0
6614,594.4
7958,2743.35
18913,470.0
14528,844.69
20086,581.23
5212,458.42
8306,456.09
11363,971.61
17388,494.91
9952,279.0
7747,759.86
19700,447.66
503,383.81
16647,389.6
16467,898.2
20172,445.15
17380,399.0
6023,243.34
16849,483.05
15677,382.43
8426,303.06
7866,489.14
17452,374.69
19929,892.71
8543,866.34
20307,663.85
12837,1263.86
9778,437.55
8313,312.49
4030,594.83
17244,2670.55
12976,284.39
7983,1974.85
1133,994.58
14899,242.42
16015,698.81
3863,680.48
2466,578.98
6005,486.4
10758,498.93
3934,193.15
1997,612.17
4663,626.25
5980,429.25
16295,319.49
17926,392.44
1831,232.79
6935,762.38
12164,481.49
2671,1499.0
20840,287.69
6600,2984.62
10832,463.02
2990,559.91
4984,547.41
11670,1333.0
16218,480.08
11487,1095.2
9306,3503.69
8789,554.05
14353,1486.24
15764,449.58
6053,790.75
215,968.82
6055,2013.97
19886,360.43
4769,257.07
9067,480.71
18808,651.08
722,577.01
15940,1055.94
11707,468.27
12783,527.31
16583,565.2
14586,193.9
19758,476.12
15769,303.11
4600,377.6
9150,339.0
2860,464.89
19197,863.35
11261,502.95
7497,327.94
11688,547.22
208,459.01
18260,1049.0
8582,379.05
19882,385.05
12061,461.73
137,363.82
17565,478.88
4147,517.46
3250,255.17
740,457.8
2505,351.31
13389,470.77
2147,459.37
10568,289.0
18671,334.99
17051,349.3
12302,1049.0
2960,499.0
11555,420.21
15045,1048.74
1553,362.91
2187,1238.42
16526,711.36
6774,345.72
6495,517.87
14596,556.93
13466,842.9
112,788.79
16813,743.27
5680,2525.07
7300,607.85
15846,361.36
17125,696.7
20639,219.0
13407,149.0
6236,647.0
7615,358.89
3407,672.82
10170,931.37
20297,470.05
20164,382.34
19733,355.82
6443,522.17
15740,480.98
5416,600.6
10084,724.46
15260,481.77
9653,246.23
12406,441.29
9113,508.28
3942,699.0
8097,290.35
14919,413.92
4570,481.73
10518,448.26
1940,1589.15
3921,499.0
6690,515.31
2948,599.0
20378,377.55
6764,525.63
4109,1211.6
9014,639.78
956,446.61
3507,473.52
15873,448.25
13744,496.81
14872,449.21
10444,2273.31
14794,397.56
6051,465.03
5214,3248.16
20782,489.0
4937,699.0
8345,411.13
17754,474.06
14517,588.61
4722,494.67
9116,169.0
11825,380.76
19403,354.48
18726,946.97
3307,2025.0
7428,405.53
6220,264.16
13044,496.59
3264,394.55
13182,541.69
5253,285.64
20819,402.0
19661,246.89
15641,736.11
17916,499.0
19802,449.35
15345,437.42
12267,366.09
6586,509.41
3509,910.14
13178,383.21
8581,250.5
10338,1101.05
19157,671.22
17342,267.46
13117,189.7
746,529.6
46,384.98
9516,599.65
2240,224.73
13131,449.0
20331,504.16
18432,531.66
15331,2225.1
16671,741.78
4424,609.65
5610,3124.0
3092,445.0
12929,327.07
4164,478.2
5137,296.03
3348,446.78
8792,368.37
683,524.7
10814,280.0
216,278.1
17116,250.85
1204,627.05
10126,308.31
17232,546.54
5815,546.91
6019,2599.78
99,527.13
1294,392.34
15111,450.5
5250,414.34
19241,305.35
13248,778.2
9327,448.36
3111,207.89
1796,2430.48
17099,550.15
12930,465.36
2248,347.28
2353,515.29
1887,402.13
8237,850.24
20642,353.39
4161,513.06
2498,1748.89
5484,2173.48
19853,494.0
4041,3856.48
17344,670.49
19231,1299.88
19467,280.94
5516,335.9
13289,569.0
9141,298.67
2611,457.4
2183,847.23
6160,330.25
11275,298.0
8391,687.06
9674,200.89
6312,647.07
20498,455.21
12052,653.62
1514,398.62
19613,499.83
5771,249.0
10651,716.9
7017,363.75
19718,404.05
13168,2514.41
4171,819.0
19939,411.86
12835,392.49
4816,2079.83
19388,1081.14
13006,493.0
18489,1178.33
18136,1169.82
7486,162.8
1546,401.94
13702,377.03
498,423.44
3302,475.96
14581,759.64
14763,525.84
19076,1081.14
17107,390.73
8898,368.64
10033,679.0
11615,987.81
15488,486.31
11359,600.44
1618,384.2
5646,363.17
3228,435.09
16996,597.31
2578,279.76
12777,486.36
1746,425.14
7550,498.76
16545,534.58
12420,499.0
10053,313.84
17427,409.22
8462,249.0
1534,293.0
3354,421.43
9972,309.07
1247,551.04
18453,444.05
8319,468.66
8901,482.69
14614,445.39
13927,462.17
14920,2098.0
4480,830.71
2743,425.34
9111,523.25
8900,512.31
6445,474.2
9717,1249.62
7955,297.35
5456,403.03
6731,462.19
20450,290.62
875,379.45
5055,998.0
8393,542.15
8508,2467.84
13925,349.0
19826,297.55
11840,399.0
18609,249.03
16738,349.0
1079,1126.67
12476,1599.0
10710,699.0
11730,457.16
12604,655.32
11109,255.0
9477,941.54
5608,292.16
16912,366.29
11945,408.76
15566,625.78
7532,2222.18
6831,499.0
18149,338.33
84,240.33
17145,302.34
8513,299.0
1067,495.04
17302,506.44
15420,624.07
7785,3594.15
1814,240.32
14712,231.79
6707,194.08
20250,526.63
11303,664.7
19223,206.72
10413,599.0
10753,442.51
8622,212.99
4182,520.32
6550,436.68
13386,509.4
20942,299.0
810,605.93
12146,374.09
17679,442.05
8590,335.87
7716,158.15
20336,217.06
12456,922.2
11757,460.05
6076,417.77
4990,294.46
2503,534.54
7700,1224.2
15369,2710.28
12707,2246.46
11071,442.13
8431,254.25
20858,2171.79
4351,384.02
11701,1037.51
10454,384.32
17535,521.36
13490,1890.45
488,620.66
8610,389.64
12201,460.33
8537,275.0
5640,391.74
17262,395.41
16326,219.69
17199,277.41
3671,936.04
11987,368.39
10613,348.81
2949,356.34
1512,495.88
15896,820.65
5384,305.0
2067,237.48
9785,442.58
19057,417.65
13412,462.63
4585,603.35
9872,335.27
2273,446.01
20099,873.4
13224,231.17
5935,755.53
2033,413.6
913,887.39
15388,443.74
14322,269.6
14769,2150.32
75,530.32
4494,421.87
9611,486.56
19449,621.92
3048,233.9
10970,352.59
19879,752.72
11813,342.18
9829,551.22
9282,324.14
15090,684.04
16509,367.41
18979,2521.02
19553,1896.14
1061,744.65
10367,149.0
8758,1993.1
522,445.46
2686,438.98
6760,997.6
2195,779.87
14396,926.17
7406,842.26
2666,484.24
14159,466.58
12529,236.15
2010,789.14
3793,1760.43
16270,474.81
10620,701.81
9848,388.09
20150,454.37
12907,1499.0
17794,332.12
4331,1949.6
9210,470.06
19135,433.55
17319,441.86
2682,598.0
10141,1049.0
19281,215.56
1836,309.29
15536,362.56
6777,518.87
19150,671.48
9563,312.19
1809,418.7
12261,463.88
9213,307.27
3009,272.65
2867,1150.09
50,2691.96
2728,199.85
3452,360.0
1777,295.42
12754,749.09
4181,819.0
18206,549.0
17227,420.8
7204,926.39
8001,326.66
678,2243.51
5677,298.95
1200,466.65
7956,447.02
8538,488.0
10087,695.83
8004,766.7
7445,756.0
2288,495.23
14516,385.38
12755,899.8
11082,574.16
2481,281.91
14510,495.79
20240,642.89
19868,370.92
13424,352.49
20764,466.52
11415,960.14
4982,458.72
5593,749.0
20783,318.4
19232,466.22
6721,997.88
19503,502.33
9001,263.96
9217,336.11
3760,573.81
8945,362.58
7086,444.2
8954,729.92
4785,424.85
1517,628.7
3100,403.15
13473,748.59
5826,1236.98
11368,386.81
1971,560.06
1884,539.11
14673,154.39
1119,562.29
17721,486.83
6210,599.71
6847,654.26
11123,285.9
6409,393.15
9054,419.4
16101,203.66
14288,301.34
11741,752.73
4100,1049.0
19013,199.0
1878,666.33
3496,299.0
5801,503.83
4279,503.13
18680,1377.0
14742,621.77
6276,408.5
13345,445.56
12264,1333.0
9266,899.0
13897,450.72
15487,266.73
16831,603.49
978,494.86
11976,256.6
19176,487.45
17220,620.72
4481,328.25
4317,640.79
9881,449.0
12668,749.0
13498,463.15
2236,442.46
18155,413.27
18792,898.04
16960,455.15
8967,333.21
14611,997.99
11254,338.16
11500,499.0
14376,1016.88
10116,1057.62
5639,504.87
15454,585.35
17967,390.39
11244,560.09
19541,263.45
6442,648.56
20295,784.45
3350,771.15
3799,447.26
18074,2187.0
6466,573.05
16324,1979.0
16054,347.88
7601,320.77
10152,4117.22
12063,268.85
12243,398.64
15080,450.24
18479,492.87
2520,428.91
15585,938.55
1642,219.05
20374,530.36
10580,2055.95
811,1474.07
13638,698.41
16410,296.65
14341,656.85
3193,460.8
6506,2377.67
8029,380.21
8955,474.0
20504,539.19
17084,2102.54
16649,2667.73
15772,495.67
11702,525.0
2729,587.09
17946,439.26
12078,246.97
4950,339.53
11644,395.98
7313,510.14
10026,1064.57
17160,238.19
15214,334.33
13341,294.0
9557,1050.21
6908,499.0
8691,340.03
3684,482.86
9981,399.53
7655,812.96
7980,396.77
8626,346.39
10450,2167.57
15576,2186.87
18989,447.48
9697,702.36
3327,463.94
15231,149.0
4798,863.05
8450,523.19
15687,360.54
2100,598.98
5239,586.25
3398,499.47
10134,292.57
14263,290.69
12829,336.62
2381,2007.01
17093,442.48
10987,352.07
15892,296.83
4834,1260.65
1928,481.31
18141,449.21
15093,498.51
8643,493.08
12453,559.1
13330,790.0
4048,1058.05
16720,578.72
18341,2182.86
9363,756.0
7459,462.99
865,450.21
4921,194.23
18803,589.03
8283,285.51
11393,498.0
15723,398.0
7018,326.25
20411,548.18
18490,770.46
17003,202.6
13698,592.17
15255,170.9
2907,304.39
11778,372.65
1577,259.49
13074,698.18
14883,337.81
6222,299.0
13128,402.63
2434,364.09
85,418.73
12193,280.97
12417,639.0
8304,840.0
18877,273.32
1579,330.5
1623,2218.98
7500,422.46
12335,1244.75
867,324.95
16759,910.67
10453,340.88
14969,671.7
55,440.33
8305,806.0
12594,2705.76
17429,403.19
7282,624.62
4,574.38
9318,4688.62
1970,465.09
12770,833.86
20697,289.25
19811,303.95
10115,2443.94
8230,199.0
2064,292.38
4234,2534.15
10903,500.42
13255,2436.0
1696,460.85
18443,482.55
15636,356.5
15436,1008.07
2806,2155.88
1544,856.7
1071,248.25
17066,495.41
5760,360.53
12957,652.27
18103,839.0
2573,527.37
276,383.05
8718,496.0
1235,564.25
1206,230.8
8855,849.0
5446,551.23
6937,442.85
5849,3027.74
9060,395.69
14591,499.0
4417,678.09
4135,380.98
2959,2013.37
17783,1532.81
18242,434.19
8595,261.07
19797,2070.78
32,1372.96
15869,519.28
15471,484.25
11353,301.0
15720,2742.88
7172,279.0
1212,523.34
18317,1811.84
6481,314.0
6437,492.17
16909,325.14
5921,1562.2
17198,648.05
7960,710.62
4370,298.3
6147,429.35
5978,667.01
6403,268.3
16766,537.86
3511,518.22
11222,470.7
18514,414.82
18655,358.3
6257,3826.02
19983,632.14
12207,258.49
8564,418.08
5713,2262.13
17293,388.49
9736,360.0
16401,169.6
17974,445.97
19274,464.22
3742,517.36
14265,1042.5
10895,490.52
11161,426.9
10570,352.08
2165,457.57
11418,331.0
11485,687.97
15525,400.13
4142,529.85
872,3060.17
15963,258.45
9078,385.06
13715,463.45
17962,283.93
12210,394.5
3906,707.46
12171,498.29
10385,399.27
7473,349.55
11325,288.38
1236,3004.18
4288,492.08
3299,498.0
20741,485.35
1366,514.66
13979,400.51
16959,714.17
407,797.48
16667,2277.41
3405,971.58
942,392.63
19330,597.21
6765,1056.46
4627,330.33
11516,1187.0
10245,394.0
18883,539.72
7693,225.0
12274,1688.2
16426,2173.87
2392,1067.95
8332,671.8
3648,715.42
7614,303.64
15310,458.74
7731,516.39
12255,585.42
11553,362.45
9426,835.0
3364,110.48
16341,2574.56
11994,531.99
1211,585.04
19586,433.6
5230,453.78
16932,251.98
3426,558.19
19068,524.37
20309,480.23
15921,233.01
5934,1300.0
16931,332.2
7197,313.34
10081,399.0
15625,1157.51
17799,3545.48
4064,354.59
3495,283.74
3984,530.11
4530,825.05
6531,493.06
7736,675.27
14959,361.76
10151,400.42
11423,390.78
14204,340.39
18574,1958.76
10055,851.3
7169,338.62
3456,499.98
132,1329.63
14661,253.04
10474,291.32
18873,703.04
12287,430.48
16342,298.11
3913,399.21
6377,240.18
14857,236.26
16593,1737.25
18772,399.0
19268,620.01
2118,480.44
16470,2683.09
4832,296.5
20174,364.75
13963,380.39
10275,478.05
12653,496.0
10132,299.0
14223,2236.26
13163,390.0
3425,279.01
12748,841.03
10646,331.59
78,459.95
6319,477.1
10683,499.0
2387,2042.02
16068,2797.0
14828,472.81
3556,353.08
19764,1226.2
6238,1346.18
7006,300.56
9019,342.02
2080,387.89
2027,301.44
2558,299.45
16894,545.08
15277,299.0
734,420.62
18062,711.16
2647,632.52
3486,508.6
13238,350.31
14561,532.7
11238,474.32
12284,475.07
10173,497.5
2589,508.45
603,2217.82
16141,267.39
15251,1380.7
13038,369.28
4701,499.0
10409,655.36
17522,730.66
18511,417.43
6701,415.36
7976,1454.37
1532,1417.67
11679,205.29
8906,499.0
5115,426.85
6714,982.33
926,631.29
12892,360.0
9882,200.26
2680,569.83
17369,833.03
14987,389.0
17378,461.64
6065,359.39
8420,407.37
9837,686.54
1987,408.17
8921,417.18
17873,495.18
6064,749.0
9960,400.87
5678,400.57
20775,2108.74
11212,406.9
16787,339.37
16752,475.71
12779,428.24
3735,697.5
16479,542.62
197,498.54
179,369.71
5402,299.0
15264,577.86
9859,169.0
7627,428.85
15141,541.03
14720,295.71
13239,597.43
10838,531.41
7100,636.79
4342,670.73
12290,3212.05
16336,583.09
13379,298.56
7392,1747.03
3049,242.39
1896,499.79
12495,525.35
2314,579.52
4877,413.67
15669,679.11
5571,587.85
5206,194.98
10046,549.0
18599,509.0
16873,264.3
6661,399.0
13047,317.83
17964,405.51
3173,404.69
1327,455.39
20088,407.71
2969,515.66
4493,2140.03
6825,555.44
11233,511.9
6793,358.28
9083,599.0
468,454.27
5121,284.24
1726,254.38
12595,1674.45
17935,634.36
5430,455.99
7683,340.45
5730,546.91
20888,426.16
20352,604.51
8397,2005.16
19256,310.75
9440,1706.07
6964,2474.72
17426,499.0
12674,500.05
8958,284.0
8151,482.18
633,2482.9
11357,356.63
2511,827.67
18658,1113.7
4046,1016.3
11414,209.84
8187,458.05
15236,500.63
18220,661.83
18804,2519.58
2824,1340.9
13689,186.1
12810,398.66
15197,1881.54
11379,357.74
5983,564.8
7630,140.82
7585,889.0
3855,352.26
20132,951.77
6633,491.26
3836,432.4
11748,304.65
18097,447.99
2023,602.04
10510,2009.79
7981,323.6
5569,536.71
3273,491.35
14693,605.13
3178,390.24
8278,529.8
94,576.05
13811,453.79
8926,306.23
20212,399.0
16955,442.93
9938,425.71
9902,592.14
5362,1377.09
2822,495.83
5296,299.0
2478,505.63
7367,473.28
20886,2166.25
9046,303.0
3897,325.58
18967,338.42
2202,1098.22
16811,2802.05
11474,375.67
18478,1188.86
13981,619.5
1358,835.14
15007,501.15
7437,375.21
13374,234.9
4977,403.49
17599,1225.12
8344,498.03
13789,934.61
10164,331.04
16791,494.93
5785,473.1
5622,202.74
7504,436.82
14011,1099.73
15408,629.86
13284,456.86
11204,476.79
19418,468.32
1410,597.5
10401,590.9
10750,366.42
13001,461.26
2518,347.52
10816,300.69
13650,1952.64
5461,380.36
8399,375.34
20229,543.17
15228,556.32
2655,316.93
20425,606.5
8698,440.83
3211,1072.72
2231,494.79
15639,877.45
2612,487.86
3421,609.0
16934,383.76
4454,491.44
1392,319.06
2988,539.12
10008,351.69
4974,882.21
15379,464.0
10107,3090.31
13745,414.34
8070,2360.95
2780,289.67
5568,376.14
3778,592.44
3817,499.62
12471,204.55
6865,1435.12
1558,546.64
4375,445.0
20707,597.92
15492,443.16
12189,1356.2
4473,2472.09
5969,332.81
6898,593.21
12364,548.3
5615,373.0
4623,484.2
6756,457.64
4418,402.55
2184,2481.23
9208,400.34
7010,462.2
15477,356.91
10734,690.25
16493,372.71
7454,436.14
7816,3306.6
17458,494.71
5627,468.48
2030,430.01
1656,2279.13
10885,300.88
1160,365.41
19741,459.26
1490,717.74
1768,345.92
10344,380.58
14354,464.35
20517,647.51
2793,247.65
12033,533.6
1286,480.27
15861,633.97
17734,526.5
10282,276.32
14369,593.86
3834,884.84
11493,434.09
14365,816.7
1281,405.9
6786,549.92
387,425.56
18573,499.56
8042,501.5
7039,3924.46
1215,418.61
5479,815.28
12270,403.91
17305,498.95
12225,1053.36
19456,2703.65
9551,198.06
18013,188.6
1004,327.91
1081,306.54
5889,253.67
18811,577.06
17996,3232.56
17856,412.87
3261,1042.77
5345,398.0
4043,583.67
10353,1422.04
18273,1130.08
12522,317.29
10480,298.77
3078,426.23
16536,560.98
17684,572.55
17558,514.87
15254,386.79
20208,486.36
2941,474.0
17047,789.7
6249,268.12
16707,717.75
7358,376.24
5909,1743.0
5612,487.66
7957,499.0
6328,911.2
3192,495.56
9261,805.92
8530,195.27
14102,435.18
7016,747.09
11253,281.85
13807,302.66
580,406.43
14548,420.68
325,366.35
17871,170.85
20657,385.92
3293,551.52
11245,774.7
18663,298.84
4944,613.63
3895,537.68
20633,408.41
471,599.95
5549,496.72
8271,490.55
19895,407.17
7669,442.17
14785,458.39
8861,987.15
19445,199.0
13862,1496.4
19629,390.09
9226,499.0
10481,181.49
8141,928.98
19252,498.0
2499,699.0
11881,438.59
8155,640.0
1522,232.81
15261,438.31
17886,360.71
10935,572.15
15230,368.54
16164,475.19
18099,225.0
16619,303.51
19694,718.47
5290,301.0
14700,1707.2
10698,443.6
17908,492.06
15908,352.87
10193,619.24
9911,1703.32
1208,687.21
16818,2336.05
9707,380.38
20930,1593.97
1767,454.79
52,855.53
3562,169.81
14695,448.5
7666,236.0
12635,494.68
3341,385.44
10844,542.53
17089,1616.43
10775,339.79
19427,1978.14
18585,2355.2
13400,492.0
16860,361.48
17469,819.0
11262,477.24
14236,549.0
3276,280.93
16588,367.21
20221,371.55
20552,339.86
4294,752.23
6471,396.03
9185,303.38
4803,2106.1
4233,387.42
4003,375.16
16498,720.29
16650,356.39
16202,586.96
10261,604.14
16366,265.08
13084,412.25
13568,285.35
11969,4296.66
18582,683.64
14275,287.48
10617,564.16
20529,228.09
20304,2328.01
14941,564.58
6613,899.0
8221,446.09
13344,457.18
11503,467.4
14310,533.51
12874,199.0
1185,350.45
2749,1833.19
2652,504.08
13717,428.76
12891,419.28
14391,298.7
10269,440.81
20541,946.96
13258,299.0
19112,204.91
6713,2670.4
20051,468.39
10452,426.0
3837,475.05
2606,431.79
1085,442.51
10426,286.11
20314,700.63
1680,2975.34
9178,382.48
18974,314.0
8787,323.7
10360,380.6
10372,756.75
11338,1639.34
16252,556.44
17180,297.42
627,486.62
1766,455.33
10584,2175.93
14402,430.35
2440,480.56
5925,391.95
3680,376.78
1614,532.05
20469,435.52
10567,697.2
4403,729.82
16350,324.81
2035,343.04
11290,3126.25
4192,330.32
5738,2011.5
4167,262.87
9771,1999.28
11347,409.71
17389,496.61
14192,445.91
2122,458.39
11612,5443.83
17598,911.56
19912,953.14
11531,597.65
14112,481.0
19778,558.93
15423,456.33
18523,756.0
4139,303.0
9280,188.21
10300,323.96
19054,4177.98
3294,681.39
10690,383.73
2024,758.56
1082,395.23
14278,340.19
11859,183.13
9480,2759.6
13446,927.99
5093,308.69
20452,436.01
19310,595.0
993,472.53
7852,489.41
12814,288.73
6358,440.0
6643,378.65
2460,306.58
7210,429.0
19072,1612.8
12926,243.3
15587,271.3
20619,311.88
18377,178.88
11028,879.16
13901,817.6
17503,799.85
16262,542.06
3854,461.97
13863,468.17
3263,424.87
1870,1251.22
15703,931.27
16681,430.93
13263,298.98
12064,476.17
499,471.28
10111,484.35
14292,359.0
15893,276.16
14741,821.8
3419,316.38
15084,3084.65
17511,2281.48
11451,599.0
18789,404.49
14972,321.94
8047,402.32
9909,836.49
9064,261.51
12083,463.25
8870,477.19
16469,476.79
18730,569.18
8280,784.15
128,566.26
3636,700.11
6832,1262.11
390,345.04
15366,448.4
16383,321.2
6815,149.0
6850,394.67
20162,276.16
15030,399.0
13318,424.43
13950,380.94
14709,1402.49
14749,487.86
16987,346.28
10382,497.0
11552,677.59
16936,399.79
10839,286.0
5483,584.0
1115,398.29
9107,291.97
14732,699.0
5667,301.47
3409,493.18
7576,248.58
14938,1499.0
19243,300.6
8521,302.04
19790,1768.96
16392,415.27
13441,445.98
5018,401.76
20878,362.02
15848,241.67
12896,399.43
19607,421.5
18303,1115.73
9156,540.46
19019,549.5
7906,437.68
14988,590.04
15866,377.68
1597,263.88
12299,556.6
5179,753.61
5186,694.36
996,539.94
393,465.48
9539,314.84
8869,385.0
12830,458.92
17781,170.85
19020,152.11
4703,411.5
12619,496.0
11527,432.88
20303,395.0
10327,428.52
17498,621.59
4023,496.0
18820,588.54
9725,485.86
4146,439.55
17213,999.0
15438,513.82
16812,473.22
10878,2025.0
14219,1499.0
2304,281.66
12684,1777.86
12613,336.1
17329,629.17
4612,311.76
9015,907.84
4208,272.24
2415,306.32
7130,453.75
20382,1238.5
8251,964.81
19043,610.86
5298,260.0
17076,398.24
414,385.02
6627,503.72
18398,632.13
14703,301.15
7549,923.99
10350,339.84
20009,476.5
4622,858.43
19271,1105.17
19567,1888.82
4251,411.84
2610,422.93
8274,909.9
20937,455.44
2782,2311.34
17126,684.9
3062,343.93
17028,408.94
14976,449.16
15005,1049.0
20940,2182.7
19320,263.51
2869,3801.61
9264,329.0
12065,340.34
20042,302.2
3291,536.61
6965,406.87
2446,878.17
20000,1071.42
9770,458.45
12662,482.9
13188,498.0
10637,445.45
10009,455.32
9892,211.32
98,322.8
5886,340.13
18623,499.0
20729,228.47
9961,556.04
3246,272.78
368,327.37
20011,2436.0
20777,2711.11
7678,2323.32
14412,596.97
19820,1105.46
3427,457.58
16596,417.27
1457,599.0
20128,451.87
17546,471.9
14532,498.39
12440,360.38
8386,307.16
20214,428.9
3567,1352.96
356,700.02
8519,846.32
15327,676.07
7787,2013.94
8364,1728.62
18217,188.6
13442,245.59
4850,499.05
9690,499.0
9403,422.9
9248,1005.47
15374,322.88
1606,254.16
5024,447.69
1793,473.05
1585,477.42
15685,276.79
15414,298.98
3553,526.29
3720,354.23
15880,299.04
8771,299.6
15998,550.44
3279,350.24
1304,423.51
11436,299.25
16916,328.16
17282,383.44
13667,1660.05
16296,375.91
14895,375.08
20478,851.79
11318,559.21
10464,291.42
6858,494.5
17850,853.0
18740,836.85
8165,449.0
10232,488.6
10169,758.79
15867,1993.1
3219,552.92
3074,935.28
16603,248.99
15987,1565.43
16329,399.0
4267,2025.0
17418,607.56
12582,543.91
19839,287.85
20563,582.68
2695,664.33
11659,1721.47
20328,378.69
18701,307.81
19064,779.43
1028,628.27
11871,454.66
19082,1465.8
8347,498.0
8056,294.72
11187,790.0
2501,551.66
12692,380.57
18256,525.51
4186,281.74
2464,698.78
8963,3543.5
5071,478.25
7235,148.0
14834,280.46
4907,299.0
5841,435.84
18316,277.53
15385,381.42
15318,714.45
8404,321.36
1646,499.75
6619,441.64
11463,380.0
2887,865.53
17281,3137.5
11320,1642.96
3079,1074.32
11521,290.31
16542,2107.42
2984,467.95
19655,3553.08
8082,341.11
2911,138.59
709,294.2
7521,221.59
18957,745.76
11200,1891.72
5515,772.7
2839,797.22
3594,561.67
1311,830.88
6132,281.57
11090,1233.98
230,402.15
8355,3290.5
16072,314.0
2038,642.71
17236,600.05
4416,1192.97
20611,662.97
730,390.4
19421,302.52
3652,714.73
20348,451.98
10039,2383.34
9395,347.7
11584,588.0
7616,621.56
9704,1347.82
18568,399.0
19549,495.53
19229,397.99
3428,410.17
20449,330.22
16137,836.0
4690,618.18
13899,1373.04
8369,357.93
17260,503.24
20539,282.56
1201,2049.21
15654,2303.67
10609,537.53
8339,510.11
3515,5274.21
110,361.88
20925,466.65
9926,399.0
10351,639.0
20255,509.13
11908,598.5
15038,784.88
8868,1795.08
8268,3678.63
13061,590.0
4835,1393.6
3928,1420.63
8522,608.26
14403,250.58
3143,456.47
14743,232.0
1923,523.96
7285,599.0
9806,293.42
6237,273.13
16539,1921.22
10574,2961.52
4605,446.67
12459,447.17
10377,2745.0
11995,477.33
15378,1499.0
12844,352.91
5918,496.0
20560,349.0
4254,1049.0
6304,423.91
2811,442.29
483,2409.05
9081,387.0
7338,2025.0
12034,289.02
7005,284.06
3473,456.76
16525,412.75
12726,563.56
11278,486.67
8657,991.89
6845,3568.48
8978,344.0
16059,520.2
8412,519.81
6287,302.49
18706,187.5
3402,661.61
8106,449.0
8499,1045.97
3765,449.52
8994,545.65
19261,399.0
5172,303.19
11032,1282.19
1909,664.48
15891,1649.0
8510,265.02
19609,375.98
19904,390.53
13264,498.08
9576,458.61
4321,511.49
8524,553.25
15779,368.0
8145,411.03
15990,1998.98
6143,401.51
3152,496.38
14708,1071.85
6438,564.0
6125,653.52
17217,399.38
18958,277.53
4868,564.0
4706,583.83
10420,672.99
2343,557.45
5722,669.27
18930,939.3
8144,396.7
10123,239.0
12263,480.53
3856,643.44
6101,234.61
7165,243.16
20136,599.0
18397,1755.47
17955,523.81
13617,484.0
4905,612.09
20275,242.41
13610,340.22
4426,565.77
16210,1230.01
6097,997.07
9803,743.04
19062,439.02
4227,818.85
4187,1129.45
11593,193.6
10629,2210.75
3142,474.18
17531,691.01
8858,836.65
11845,249.0
1147,443.17
18646,474.28
6089,1505.2
4566,372.97
11677,349.82
533,448.63
4065,381.0
17360,244.0
5555,342.75
12715,406.22
8780,414.26
17639,520.88
20440,600.09
7626,478.67
3968,1917.91
1519,742.9
18997,494.18
16673,154.75
6708,299.0
16178,425.27
14714,338.5
3644,696.0
11841,297.0
4614,318.45
17316,500.23
19474,465.55
6930,229.37
3268,520.33
10857,371.99
550,446.71
16287,2197.15
15224,2436.16
18252,483.59
3654,1139.97
6492,297.8
13266,243.0
10777,571.42
15745,325.39
1029,502.69
19866,272.08
4120,539.34
7225,394.03
17485,2037.75
16622,987.02
934,590.33
4093,496.47
9278,378.6
15567,472.85
894,1690.45
1734,555.57
16782,930.47
6710,440.58
10988,367.45
12762,482.9
5949,545.77
12426,320.75
17594,208.62
5177,474.0
6288,500.86
17929,504.84
1241,410.41
20044,436.64
13426,443.76
5286,240.87
688,284.18
20802,370.79
6181,522.96
16374,553.23
15556,2170.06
16533,593.91
16827,1039.0
138,1881.43
11471,277.18
10109,524.98
13227,496.84
5327,192.92
16024,1099.11
6514,395.77
5539,1612.0
13628,254.81
7040,358.78
1381,599.58
18940,382.5
2379,430.03
7844,1049.0
25,749.08
9339,417.95
10477,3612.64
6482,845.63
6730,317.95
8864,309.9
5789,331.01
2427,530.92
18570,624.92
16684,465.53
19465,290.45
10502,354.61
8989,572.23
19989,1071.42
12876,157.81
1789,1802.96
11763,1049.49
10821,299.0
8158,483.02
1264,472.48
676,1217.91
19278,443.31
277,423.63
18352,1351.43
9112,654.83
6647,376.43
4692,597.49
12038,420.68
10863,404.49
9139,1533.04
5823,504.79
2531,481.54
9421,513.43
14083,432.16
3801,673.29
13685,1204.95
12631,647.25
12501,692.54
303,452.67
3618,474.0
14316,456.77
12028,297.9
5475,599.38
13669,401.07
13662,415.14
18467,196.12
2535,497.12
3044,2502.32
7888,320.0
12790,407.09
19107,1256.7
5647,2038.61
9980,474.45
20787,2436.0
18085,1047.0
20216,324.75
760,587.07
10097,628.09
5080,283.15
19299,443.62
17960,356.78
6909,2119.66
20805,221.0
9132,393.61
7780,417.94
7438,309.65
3122,254.95
12295,199.0
9687,2860.61
16510,494.19
9126,765.35
11406,659.69
14609,603.49
8882,299.0
19588,310.01
2308,387.61
7493,348.07
8779,1937.39
16142,1575.77
11673,326.06
13414,743.95
1342,245.42
14658,320.73
1323,294.84
4219,520.38
7299,312.32
1073,398.65
17464,1039.67
9918,297.5
10847,525.61
2641,2021.04
9606,772.76
16423,292.69
7670,587.34
16026,413.21
12894,213.7
4012,727.19
18338,459.94
4264,419.21
2490,325.86
3757,2309.61
11705,2385.09
11483,395.89
8872,404.1
10419,1047.37
1617,813.49
10792,2367.72
3947,2907.17
2775,456.55
2966,457.3
12409,554.32
14207,508.78
13478,200.87
16464,239.51
15659,481.23
566,637.83
6587,494.82
4563,329.8
14501,260.34
18760,1075.2
10234,941.98
15162,2106.13
20923,1118.07
10886,305.0
18910,872.59
5763,525.36
8287,699.6
8765,677.32
374,275.43
2208,309.02
12166,2583.3
18791,2033.1
11135,1096.61
13500,247.07
12700,1063.58
3967,382.08
18638,264.34
4691,289.0
1621,1892.04
8550,427.01
1373,440.0
19270,595.04
3683,431.61
20604,515.64
12477,594.96
2912,244.57
4411,554.21
11309,414.51
2471,906.48
5203,496.23
8573,552.14
7795,1777.0
11507,322.01
1985,455.59
15296,564.14
14686,410.91
9713,239.0
3918,509.65
18240,542.1
4681,354.93
2563,666.74
13770,509.45
17336,625.57
19340,444.77
3732,432.4
2564,390.33
12661,337.02
12416,475.62
4057,427.83
4983,483.48
18729,367.0
1065,1046.39
7613,258.47
9047,336.15
3157,532.1
9847,500.61
5063,1888.61
8396,318.31
4018,193.33
8799,301.15
11631,1499.0
18593,627.33
16722,2574.1
19393,421.34
12188,361.26
19423,431.68
19327,480.02
3437,200.5
12852,409.33
14488,751.58
19725,253.74
12565,199.0
11369,790.0
2814,445.27
10688,287.93
9215,1046.0
19410,516.97
4102,354.44
17444,493.5
246,639.56
19164,526.72
1782,2097.83
2926,398.57
11365,490.36
16018,305.92
7249,668.88
1683,810.28
20067,376.52
11236,2436.0
15763,3968.61
13085,580.24
1124,599.2
8334,471.51
14808,350.86
6817,551.89
11797,368.15
13683,282.41
11852,580.11
15150,290.87
700,331.2
15778,330.66
13452,315.0
11641,586.1
17493,416.75
7873,673.84
17602,2162.41
6327,833.78
12629,537.27
2629,496.37
6214,309.45
19674,208.51
403,362.36
6427,396.33
3569,325.45
6025,1298.0
7640,198.6
12320,698.9
18999,673.46
15499,1329.94
2620,410.07
5939,1478.73
18426,324.41
10537,399.13
8006,999.0
7758,463.94
19739,425.1
940,395.28
13587,977.15
8502,379.8
6742,539.62
2919,2794.0
10658,403.5
5189,469.09
17215,1499.0
18274,2525.85
18832,372.56
10227,289.0
6984,301.78
5265,638.04
10697,463.25
10633,339.55
13560,631.71
952,365.09
4807,486.31
7275,407.57
14903,450.0
1398,602.7
20364,706.14
9939,474.25
20397,292.53
4960,584.58
2852,438.92
10071,1255.58
15094,420.96
1744,375.48
5881,280.16
18326,304.29
17662,535.46
19634,1584.75
9088,1216.4
14810,569.0
8188,367.89
13676,499.0
2840,2153.03
2210,302.97
20444,701.75
18857,452.3
4561,424.0
20521,764.08
15694,377.05
8615,447.84
2170,169.0
19395,2432.35
10118,490.04
11623,322.05
11662,657.4
12196,349.8
7749,629.08
16109,340.54
15715,490.5
11640,289.0
10755,904.18
7779,303.54
19743,1315.95
639,492.26
8376,380.8
3288,659.55
18022,259.0
9944,737.57
5142,402.5
16668,434.93
8905,516.18
12148,374.9
9087,644.6
20402,589.26
7153,347.21
17987,595.42
9587,444.0
16195,711.68
11127,927.94
16025,563.44
71,524.04
17805,512.97
19460,224.3
9912,270.96
5361,642.54
17447,2266.47
11716,282.64
1818,430.61
12199,180.58
19744,599.0
5372,245.77
15655,1196.42
1485,299.76
4076,1049.0
14860,489.07
7943,437.61
13565,399.0
9231,235.22
4412,276.93
13671,599.0
8923,399.0
8190,199.0
4247,2076.52
11202,496.87
3321,774.59
1894,316.32
18497,376.15
2624,491.8
4482,386.0
3872,639.37
15157,1489.05
2850,468.08
20816,405.11
7468,292.43
20096,499.0
8899,149.4
7706,603.49
4857,949.4
3674,307.5
13601,450.3
10995,558.09
16507,483.35
15184,312.28
15910,494.6
14943,629.0
3258,511.3
8843,1297.66
7913,1310.78
13275,653.94
8557,189.0
268,542.63
8026,474.11
18762,436.58
12520,488.17
13820,259.0
6513,448.21
18000,527.0
4001,427.72
8414,313.12
2849,2399.0
17779,293.81
8916,1054.66
13658,501.34
6785,359.62
20799,835.6
12571,340.97
20207,273.29
17539,404.92
17914,279.0
5083,502.0
4912,407.6
10384,389.63
15834,604.17
12395,353.46
2043,508.81
11429,373.67
4640,809.19
2766,304.49
12922,917.13
1244,665.76
8400,504.91
10101,1165.18
9279,253.39
14590,464.0
7013,323.13
17728,416.51
9069,602.16
2354,2096.21
9708,1681.88
6544,389.0
2752,228.54
13675,300.6
15078,409.3
9349,777.83
14946,562.36
9594,1016.78
7233,540.77
2077,1048.22
6171,610.83
7082,667.44
2301,399.0
19888,192.09
15693,199.21
7059,372.78
7224,394.48
16527,2940.55
7506,432.44
17905,359.03
18814,530.41
10735,408.08
13469,1937.14
10493,372.49
18926,1931.95
10632,423.08
16950,452.74
16948,365.34
20659,1330.2
3045,316.79
19161,592.23
11695,225.36
19530,296.9
6822,568.08
19977,947.38
2723,383.61
10265,1901.48
6451,347.99
13649,470.0
16568,821.59
16712,2144.32
14850,875.96
15653,494.08
864,539.09
6999,254.01
7475,976.05
12070,517.79
18844,413.91
9382,399.27
19518,529.71
12998,437.2
13054,306.59
18653,620.56
6353,457.32
20693,399.91
4429,1693.78
11449,978.53
12394,412.37
18210,399.03
291,448.91
12439,595.38
7098,419.0
751,415.49
15382,377.31
1612,813.17
20354,966.49
1059,456.73
4168,607.89
14119,306.57
15833,1030.54
6895,283.07
14755,799.35
4560,260.69
4828,599.0
6650,256.98
7118,458.71
5932,409.28
15882,596.4
8466,1513.27
16021,1436.4
9774,652.21
11058,226.69
16471,199.0
16298,557.0
12725,1008.74
1112,549.0
4470,1467.96
6303,467.25
20686,581.41
11857,599.0
14258,449.21
18325,981.78
19817,384.07
9515,361.03
3269,1795.71
6768,2857.0
11737,317.74
16485,663.77
4330,449.49
11416,590.0
4569,336.72
12985,508.53
2133,513.1
1292,198.51
1492,403.19
18175,3552.79
10807,409.2
15628,399.54
10487,749.27
18894,585.29
11085,526.72
4679,460.0
410,385.42
3777,373.27
7173,411.45
18178,494.36
12984,2497.39
16236,419.94
6282,422.34
1980,737.34
3114,544.0
17661,200.88
18650,438.98
13079,344.54
1634,1288.92
8632,463.75
3528,434.96
7444,767.98
10732,595.06
2898,1261.72
16106,813.75
8410,389.47
2733,1919.9
2001,455.93
7450,374.78
1396,1020.83
7776,847.82
15706,187.88
18953,466.04
6470,350.48
16918,602.74
13328,1095.37
19180,795.07
16810,542.58
17730,285.7
18674,2144.65
14059,836.0
20853,415.5
1722,550.62
14592,422.9
11843,470.13
17776,399.0
11556,384.98
2121,469.13
173,489.6
17242,1375.89
13546,458.96
10915,303.86
4676,273.11
3870,599.0
5277,1602.53
11953,416.79
12410,2787.01
8891,1389.77
11893,361.85
16338,587.36
11398,468.64
4220,1597.7
15456,382.15
4869,502.06
11067,318.18
6229,473.16
16010,212.18
6244,496.53
7668,219.4
20625,412.17
9894,302.98
17982,575.11
5726,2241.8
4415,499.0
5204,610.93
18975,248.93
3357,464.03
5645,190.18
3639,289.72
15770,367.98
7689,450.84
3796,484.34
17519,398.0
7760,482.98
3981,606.12
12673,360.3
7831,497.29
4780,399.21
2303,285.93
7455,1078.31
20224,179.4
9805,2658.6
20123,3273.42
16065,1970.04
10402,351.6
10479,599.0
18290,839.0
5193,389.0
169,387.26
10925,2447.0
4471,478.2
1595,316.37
9670,202.69
10928,539.54
5171,446.19
7321,458.37
5755,926.03
18410,682.84
3283,307.6
3876,987.99
5281,292.71
5273,594.9
1338,329.22
5031,666.7
1069,2815.62
5436,299.07
16084,451.78
18128,597.19
7877,280.1
8293,391.11
10718,492.54
8088,447.12
6552,2288.52
11156,426.51
12003,554.88
1197,778.3
15402,890.6
5782,348.28
3420,326.12
2599,245.81
318,408.88
2186,411.86
8918,402.0
6797,597.6
9071,486.84
5256,251.71
19248,387.45
5777,3002.17
10430,394.42
9004,323.23
7535,461.45
6751,341.82
7558,455.5
452,243.03
9876,405.9
19321,1776.99
9729,450.21
4038,428.24
17638,285.58
139,466.88
11582,498.93
19822,564.25
12666,393.85
13793,474.0
386,1741.95
11766,252.32
9997,418.67
718,599.93
9577,500.15
12905,467.0
19205,771.5
17821,498.57
4677,526.98
13291,232.0
16253,478.44
8902,569.0
5520,1819.62
14209,497.28
18232,599.0
19519,396.45
1418,474.84
16155,660.06
8358,872.2
3230,2885.96
3657,943.38
20016,464.98
6285,275.21
1526,336.22
19041,2735.69
15239,400.16
5271,528.93
8984,380.0
9536,2229.9
20587,396.8
15739,664.15
11214,243.01
11348,396.4
13866,1068.56
10668,855.81
18259,362.34
18998,447.44
148,383.55
2528,407.99
1763,777.38
14054,406.87
7062,199.0
8618,928.24
14756,722.88
18077,723.31
5234,503.33
10373,477.67
7622,819.0
4800,961.63
15561,3712.23
9203,455.04
7494,778.55
3977,335.89
19309,272.91
14330,521.03
7868,400.09
4273,317.03
7739,257.32
4923,432.69
20943,500.91
9172,464.21
7133,307.83
13949,454.44
19535,407.55
2798,314.15
10179,1561.98
11115,794.81
9031,208.14
15154,329.93
3520,224.07
4588,274.11
20019,490.7
6696,232.11
829,334.9
754,318.18
11733,464.0
19927,538.21
19747,1844.78
9628,379.84
9675,501.14
17545,2770.01
8291,999.0
19401,580.68
13727,399.58
13058,3384.55
19002,722.01
13088,278.6
1443,1446.02
12020,541.36
12796,726.75
20182,751.67
6827,661.61
19035,632.0
11940,401.67
15002,540.25
6017,606.75
20147,373.29
15860,469.73
13023,409.0
832,394.08
14167,505.74
18755,318.79
10881,949.0
8873,392.8
8741,483.48
13187,2285.98
11239,2684.17
20825,420.0
17267,2753.31
543,243.99
2779,352.98
14440,395.23
7094,1801.02
15620,299.0
15371,525.65
8727,399.0
9448,574.36
5241,506.54
8323,1118.93
2475,391.73
18424,395.03
13217,600.7
8809,479.15
1817,401.02
19650,259.0
8922,503.55
18746,460.02
19202,292.0
2763,1987.9
20187,299.0
2472,387.72
11075,2219.19
8790,599.71
16817,437.65
13910,2730.69
10934,304.0
5513,753.64
4177,570.5
17796,552.34
9462,447.85
19698,555.0
11632,406.46
7410,280.23
19146,630.42
1819,661.14
3973,712.32
14450,1965.45
3132,207.88
12086,1310.85
20577,516.81
10321,524.98
4221,741.37
1436,1477.99
13598,389.11
8737,219.0
11798,599.0
13410,399.34
15713,1737.63
9253,1923.76
20857,294.12
20887,1380.1
5213,610.68
6242,359.06
18859,998.86
10241,1579.21
385,967.65
16985,383.13
917,631.04
8374,1494.36
3758,472.78
460,331.37
6502,396.0
711,303.9
14907,458.47
7698,837.17
2344,235.87
4888,439.87
12334,370.05
7555,948.0
9723,530.13
4728,504.98
11478,374.87
2562,496.0
19752,270.46
6227,244.0
3262,491.59
13162,375.4
10623,1127.33
11099,548.06
1504,467.32
9554,334.44
18752,262.54
8716,572.35
17441,382.49
10077,713.93
1316,577.93
7356,555.15
9513,283.07
4638,270.2
4390,1998.0
3781,1894.22
10628,363.07
4864,398.0
1908,295.41
10509,301.49
8025,471.45
5015,438.48
10236,300.27
10769,284.78
6275,623.67
20213,1255.57
15086,458.52
14027,502.04
4896,425.24
11392,753.0
16256,431.87
13340,488.85
2326,3750.28
14127,338.8
1594,299.11
7467,265.02
13461,2280.73
3345,438.68
18693,272.2
3305,478.73
13503,494.23
989,303.32
6988,299.24
4217,284.15
3352,600.72
16751,299.0
16463,450.42
20749,335.5
7766,211.12
10000,525.24
4772,1154.0
11944,463.54
2774,391.57
118,452.65
662,879.37
16055,269.0
11867,379.0
20327,854.61
9313,1388.67
17918,461.66
20227,250.64
4165,292.95
13353,498.9
4945,1055.77
12518,386.29
699,251.66
16474,528.86
17031,678.39
13175,978.37
17641,496.33
344,919.45
4054,310.75
15015,402.6
18992,387.95
13743,434.71
3181,563.75
17434,831.7
14537,379.57
18353,387.35
7347,593.66
8817,1499.0
2355,1978.99
18247,1404.75
3807,296.32
12235,429.33
19668,423.61
7682,514.53
13171,1945.61
2583,783.31
19137,4018.12
19086,2675.5
4356,291.75
19794,745.75
18531,372.99
12861,1872.04
15825,425.78
19349,839.3
16413,503.3
9822,555.44
10954,413.63
6539,2411.18
17725,481.32
20048,425.84
1973,453.8
349,942.75
15428,283.46
9066,385.58
16192,499.63
7598,683.84
9825,197.12
13616,2228.84
1667,349.06
16648,364.43
8987,418.09
18064,522.62
15540,189.5
7435,282.7
7895,695.26
20622,397.91
3457,469.71
4609,578.31
10854,221.14
15484,2025.0
2227,252.73
7733,406.4
14178,465.06
613,753.0
16096,388.73
3907,291.11
13552,279.0
475,570.0
1889,454.09
729,496.87
15448,199.21
1765,1556.25
606,703.24
6168,2633.73
1107,380.32
5388,482.04
14698,442.01
18305,286.62
3534,570.6
13846,376.26
4393,1973.73
9380,203.75
8654,562.77
3903,482.49
4336,1199.03
18321,569.0
12972,368.14
1020,428.22
8972,599.0
9244,381.54
12285,272.59
20072,965.52
8960,458.5
20407,507.45
8329,1931.01
4086,299.06
9196,364.2
5201,499.0
16984,510.31
10610,388.23
19437,481.67
14800,2031.95
2529,252.14
16005,548.03
962,1096.2
7992,496.0
9361,201.0
5519,745.29
13090,1262.42
15110,744.06
15262,1047.22
13509,2025.0
527,1668.16
11710,297.7
11234,521.0
5036,1332.28
20177,318.6
170,497.76
17544,451.3
9180,785.44
5984,209.0
9504,544.21
18901,244.5
7491,526.15
18345,504.27
15539,1571.86
7436,428.21
19831,379.22
1321,398.16
2690,599.0
11232,448.3
19883,787.63
19469,235.51
7360,475.28
18885,299.81
19598,899.0
11437,374.33
7192,564.0
10520,1108.09
5765,584.65
6279,394.75
13792,308.8
3661,532.5
12279,949.0
4571,1440.29
16899,448.55
5496,1972.43
9936,506.78
3298,612.7
753,547.2
16387,209.0
19114,976.81
17204,469.23
16518,298.0
10953,2682.2
20384,243.0
8504,320.21
853,446.7
9272,458.42
13118,405.0
7101,521.21
14688,401.64
17966,607.84
79,1350.76
222,531.0
11962,546.88
18895,2799.94
2718,436.68
5434,535.21
6685,432.66
13629,1071.44
13448,599.0
8609,486.92
2710,510.38
7216,328.5
1405,452.26
2534,4474.12
5657,231.18
9432,271.14
7124,541.37
13657,3738.35
8480,2749.0
11384,1115.15
5221,430.35
7966,286.6
8172,362.89
13926,289.0
20311,398.73
7272,449.0
2296,494.71
19032,592.71
19374,983.23
13843,447.43
14074,428.76
2013,366.93
9855,242.66
16281,236.0
19979,821.67
14462,651.55
19940,263.5
4705,496.74
18375,873.41
7566,330.4
13517,361.14
20319,525.15
16455,303.98
18164,375.6
11457,1023.03
8254,911.41
3602,394.12
18107,446.29
16076,896.05
9891,3140.83
2550,270.18
8453,238.74
15204,539.42
9698,149.0
3740,595.04
3812,438.61
703,332.36
1041,373.46
3024,445.67
13358,371.85
11664,299.0
5117,477.36
12510,455.36
14735,468.63
16937,440.37
11980,354.74
13474,212.23
11511,943.88
13578,437.83
19162,507.72
9635,298.22
8445,565.26
20202,344.62
12887,471.73
1551,263.95
17693,764.41
19900,297.37
4197,440.75
20482,1956.02
2993,418.91
6207,211.92
6916,564.6
18790,290.33
12029,2086.18
12408,2838.55
14093,562.48
2935,279.72
20287,164.68
10183,360.0
6780,1456.96
6425,193.65
13261,559.39
19177,284.88
13160,671.63
6378,416.1
20703,528.79
19523,569.0
8640,459.26
11255,298.5
4266,307.37
17432,547.54
8366,603.16
5567,926.87
15497,794.32
1138,356.47
19841,775.21
17327,776.76
17334,1375.99
18091,2697.19
725,388.42
5269,266.98
3963,468.83
1475,3219.04
7988,1772.91
1272,549.0
14704,257.99
14454,441.93
19980,423.68
9283,1394.36
15645,470.08
13276,1607.33
9374,1721.68
10598,1049.0
15679,456.11
13126,343.59
11609,324.25
13780,496.6
0,584.34
5113,501.35
4209,983.08
20964,281.23
4555,399.0
14028,296.1
2615,385.6
12475,525.9
14249,284.41
19504,642.27
20281,1477.5
3642,497.03
15603,344.65
10113,542.72
10736,258.36
17128,2279.24
13817,491.01
2451,741.56
12058,995.09
20001,402.55
13354,330.15
8585,231.56
1261,457.24
12026,2129.29
3378,652.08
15188,496.0
8486,542.61
3877,332.26
1876,677.31
15274,382.79
17159,460.67
11421,381.2
7266,435.87
10910,678.19
1491,2166.77
14408,436.95
1897,323.39
18976,502.64
20372,3365.06
11988,402.42
16600,378.36
3105,457.7
18639,1382.25
6429,416.09
9398,348.0
19500,411.56
1158,434.31
11928,449.42
5965,1343.0
2930,1200.64
3165,1251.55
4879,811.05
14328,482.59
13181,427.27
19210,1346.3
15256,390.61
456,1649.96
2055,499.75
15419,463.6
4747,2039.83
12253,402.89
10927,566.6
12950,245.69
15851,353.25
11335,412.26
10471,585.0
13257,251.29
14477,1651.15
6593,4096.37
12523,500.96
10801,564.82
17041,2436.0
29,211.71
16156,632.51
736,503.86
12301,580.81
12392,365.7
13742,199.21
14793,360.0
6291,459.31
8425,290.68
11799,673.52
5586,424.4
17457,487.12
18117,481.58
14190,444.18
4026,826.86
10316,450.37
9077,754.83
259,374.04
8847,454.95
11626,2436.0
11013,300.54
4726,489.16
8140,456.06
5175,387.9
8078,400.99
11564,304.29
4529,527.37
20050,1216.45
18682,512.2
2402,551.3
16131,649.0
16286,542.06
13143,467.59
4144,419.15
13938,407.59
4651,2111.71
9733,588.4
492,454.41
4269,251.0
15024,550.19
1739,624.0
12374,1060.05
15544,238.61
3578,365.53
20233,149.0
13827,490.53
20146,410.01
9324,2502.54
11729,390.25
12508,374.53
14088,390.82
14076,981.0
2925,682.08
11661,384.03
5199,1003.23
8890,639.07
19001,796.33
10532,747.46
10422,366.02
3119,170.4
13524,353.98
16354,328.14
4495,877.99
9549,2350.47
20167,405.77
11723,199.0
1465,513.74
3724,418.5
10788,1038.82
12120,401.88
16417,552.5
19760,455.74
4511,238.03
12319,533.64
779,1945.67
2239,307.14
8031,440.44
14715,568.09
20109,265.9
6918,189.0
13754,420.8
18536,2449.77
4318,202.65
5386,319.31
3624,698.0
4633,449.0
17040,648.76
4316,569.0
14242,360.55
5472,312.64
14342,480.23
14648,892.2
6628,1560.01
14795,751.06
5654,474.0
15754,755.71
11872,747.38
7761,562.0
9100,316.31
3467,2930.14
314,398.33
3692,400.91
18544,459.32
5868,1907.0
3739,271.94
12954,410.14
20222,307.27
3597,1568.75
19342,212.1
18044,445.0
3358,440.96
5664,549.0
19193,385.68
1018,1023.39
47,1950.5
3346,605.1
294,1150.5
4754,349.53
16857,252.54
14802,508.13
4504,359.47
8688,419.97
17772,499.27
18864,2100.58
851,882.96
156,871.35
7653,299.0
15060,1008.77
15326,420.36
9575,1484.26
11787,512.46
11235,316.8
16941,1234.22
3458,1499.0
13164,2041.71
17953,2175.51
12094,386.33
17692,304.51
7103,3391.98
8627,493.14
3958,459.55
7246,966.47
404,670.33
1529,1965.31
16081,544.83
19551,370.32
17888,272.56
15130,1348.99
8183,306.33
16537,614.52
4479,710.18
20652,1270.65
14080,427.32
12489,406.92
11054,521.58
13803,374.02
5287,501.34
7919,586.29
11743,487.23
11031,254.04
20225,3300.89
2015,217.04
4108,534.97
14982,404.35
2223,353.65
6461,980.78
14788,406.06
4443,299.0
11956,1049.0
8635,342.04
13485,400.08
6762,508.35
13882,255.0
8686,251.0
15136,558.21
16182,202.2
13298,268.58
18026,479.1
2295,377.61
13065,663.36
14078,2612.56
9585,422.74
12356,840.0
11647,1748.72
16043,254.45
3542,452.19
6636,575.92
11209,2784.46
12788,4404.68
4060,936.36
3626,2132.53
19919,281.01
15748,838.76
9553,468.14
18038,296.36
18955,882.0
19872,253.62
8607,1681.9
8748,2268.6
5628,348.27
9963,606.15
1219,398.69
19874,528.05
13790,2381.67
19647,1091.96
20704,436.01
3766,2411.3
9552,330.95
17071,329.91
16381,191.29
16380,247.45
6856,577.81
17027,661.55
3292,185.0
9769,876.92
8223,452.53
18385,1820.5
15841,432.37
5511,475.94
13959,393.9
16621,343.2
2233,545.44
9466,276.57
20763,477.14
12317,196.03
1733,313.32
20790,381.46
13382,939.96
13174,499.0
16378,524.76
14085,223.56
3575,335.91
19056,395.0
663,497.19
10028,316.22
2172,374.06
4573,513.46
16976,377.1
19138,544.57
12178,400.51
16416,632.84
14547,299.0
20573,306.76
17430,534.02
12398,190.49
18322,314.24
16703,1049.0
3988,277.88
4457,299.0
17854,487.76
10581,456.91
5735,1191.59
9522,396.57
17415,503.05
15704,2279.93
19115,1499.0
1385,377.41
861,464.64
4458,1278.69
3007,962.14
11219,305.2
6907,500.32
19565,259.93
2237,592.59
15138,424.22
13537,836.0
15707,2212.26
3547,855.76
8343,287.59
554,342.96
11301,609.74
13158,447.49
11528,373.02
11726,385.57
1166,933.08
1191,576.41
15317,280.09
648,408.58
12158,516.51
6007,1281.85
15547,321.99
12515,2436.0
14033,435.72
297,684.6
18733,401.8
6162,189.0
13574,735.73
